City_ID,City,Lat,Lng,Max Temp,Humidity,Cloudiness,Wind Speed,Description,Country,Date
0,Karratha,-20.7377,116.8463,85.33,44,42,5.66,light rain,AU,2022-04-17 15:47:47
1,Hermanus,-34.4187,19.2345,67.8,59,9,15.57,clear sky,ZA,2022-04-17 15:47:47
2,Bredasdorp,-34.5322,20.0403,63.43,72,0,9.44,clear sky,ZA,2022-04-17 15:47:47
3,Hilo,19.7297,-155.09,73.27,95,100,3.44,light rain,US,2022-04-17 15:47:48
4,Abonnema,4.7084,6.7931,88.48,60,93,6.78,overcast clouds,NG,2022-04-17 15:47:48
5,Havre-St-Pierre,50.2334,-63.5986,34.16,93,100,10.36,overcast clouds,CA,2022-04-17 15:47:48
6,Cayenne,4.9333,-52.3333,84.24,14,100,11.5,overcast clouds,GF,2022-04-17 15:47:49
7,Matai,-8.3,31.5167,78.24,93,17,4.23,light rain,TZ,2022-04-17 15:47:49
8,Lynchburg,37.4138,-79.1423,63.88,32,0,8.05,clear sky,US,2022-04-17 15:47:50
9,Westport,41.1415,-73.3579,50.18,40,0,17.27,clear sky,US,2022-04-17 15:47:50
10,Dikson,73.5069,80.5464,8.08,93,100,13.22,overcast clouds,RU,2022-04-17 15:47:51
11,Barkly West,-28.5354,24.5215,63.68,65,57,12.59,light rain,ZA,2022-04-17 15:47:51
12,Rikitea,-23.1203,-134.9692,78.15,65,3,12.37,clear sky,PF,2022-04-17 15:39:40
13,Port Alfred,-33.5906,26.891,67.17,78,97,7.25,overcast clouds,ZA,2022-04-17 15:47:51
14,Tasiilaq,65.6145,-37.6368,35.76,99,100,6.58,moderate rain,GL,2022-04-17 15:47:52
15,Busselton,-33.65,115.3333,55.99,68,24,3.56,few clouds,AU,2022-04-17 15:39:45
16,Port Macquarie,-31.4333,152.9167,60.89,88,27,4.85,scattered clouds,AU,2022-04-17 15:47:52
17,Albany,42.6001,-73.9662,39.92,72,64,3.0,broken clouds,US,2022-04-17 15:38:40
18,Lagoa,39.05,-27.9833,57.85,70,21,14.94,few clouds,PT,2022-04-17 15:47:53
19,Grand-Bourg,15.8835,-61.3148,85.95,67,31,20.2,scattered clouds,GP,2022-04-17 15:47:53
20,Vaini,-21.2,-175.2,77.16,94,40,5.75,scattered clouds,TO,2022-04-17 15:39:40
21,Chunskiy,56.0815,99.6342,46.76,83,98,6.78,overcast clouds,RU,2022-04-17 15:47:54
22,Thaton,16.9206,97.3714,82.85,76,30,5.64,scattered clouds,MM,2022-04-17 15:47:55
23,Arrecife,28.963,-13.5477,71.58,78,100,13.8,haze,ES,2022-04-17 15:47:55
24,Yumen,40.2833,97.2,47.57,23,0,8.52,clear sky,CN,2022-04-17 15:47:55
25,Qaanaaq,77.484,-69.3632,-11.54,70,9,3.24,clear sky,GL,2022-04-17 15:47:56
26,Punta Arenas,-53.15,-70.9167,46.51,93,75,6.91,light rain,CL,2022-04-17 15:37:11
27,Butaritari,3.0707,172.7902,81.23,74,20,11.92,few clouds,KI,2022-04-17 15:47:56
28,Sitka,57.0531,-135.33,37.29,70,75,0.0,broken clouds,US,2022-04-17 15:47:57
29,Airai,-8.9266,125.4092,60.82,92,100,1.68,overcast clouds,TL,2022-04-17 15:47:57
30,Farafangana,-22.8167,47.8333,75.83,80,1,6.31,clear sky,MG,2022-04-17 15:47:57
31,Great Yarmouth,52.6083,1.7305,61.41,65,100,12.35,overcast clouds,GB,2022-04-17 15:47:58
32,Kapaa,22.0752,-159.319,69.48,98,24,14.12,light rain,US,2022-04-17 15:39:38
33,Torbay,47.6666,-52.7314,47.17,73,75,26.46,broken clouds,CA,2022-04-17 15:47:58
34,Siderno,38.2779,16.302,55.33,95,100,7.34,overcast clouds,IT,2022-04-17 15:47:59
35,Puerto Escondido,15.85,-97.0667,86.83,70,0,5.75,clear sky,MX,2022-04-17 15:47:59
36,Barrow,71.2906,-156.7887,-5.78,84,0,11.5,clear sky,US,2022-04-17 15:46:17
37,Nabire,-3.3667,135.4833,76.44,92,99,2.66,overcast clouds,ID,2022-04-17 15:48:00
38,Mataura,-46.1927,168.8643,37.47,96,0,2.15,clear sky,NZ,2022-04-17 15:39:36
39,Hong Kong,22.2855,114.1577,72.32,77,96,8.99,overcast clouds,HK,2022-04-17 15:43:13
40,Klaksvík,62.2266,-6.589,49.12,96,100,13.02,overcast clouds,FO,2022-04-17 15:48:00
41,Salalah,17.0151,54.0924,84.29,84,40,9.22,scattered clouds,OM,2022-04-17 15:48:01
42,Cidreira,-30.1811,-50.2056,69.96,60,85,8.37,overcast clouds,BR,2022-04-17 15:48:01
43,Upernavik,72.7868,-56.1549,-6.99,85,98,15.66,overcast clouds,GL,2022-04-17 15:48:02
44,Ilulissat,69.2167,-51.1,19.42,63,75,5.75,broken clouds,GL,2022-04-17 15:39:37
45,Anloga,5.7947,0.8973,84.94,71,91,15.66,overcast clouds,GH,2022-04-17 15:48:02
46,Lavrentiya,65.5833,-171.0,28.65,96,100,13.22,light snow,RU,2022-04-17 15:49:03
47,Tual,-5.6667,132.75,83.16,76,100,5.99,overcast clouds,ID,2022-04-17 15:49:03
48,Saint-Joseph,-21.3667,55.6167,77.38,84,27,12.62,light rain,RE,2022-04-17 15:49:04
49,Rawson,-43.3002,-65.1023,64.4,56,29,23.44,scattered clouds,AR,2022-04-17 15:46:48
50,Llandrindod Wells,52.2416,-3.3787,63.41,81,100,14.85,overcast clouds,GB,2022-04-17 15:49:04
51,Bluff,-46.6,168.3333,37.8,83,3,5.26,clear sky,NZ,2022-04-17 15:49:04
52,Najrān,17.4924,44.1277,90.25,14,46,4.92,scattered clouds,SA,2022-04-17 15:49:05
53,Jumla,29.2747,82.1838,51.71,60,57,5.06,broken clouds,NP,2022-04-17 15:49:05
54,Gamba,-2.65,10.0,81.64,77,89,8.03,overcast clouds,GA,2022-04-17 15:49:06
55,Salinas,36.6777,-121.6555,50.07,81,100,4.61,overcast clouds,US,2022-04-17 15:49:06
56,Accra,5.556,-0.1969,86.41,70,20,16.11,few clouds,GH,2022-04-17 15:47:28
57,Cherskiy,68.75,161.3,-1.62,99,100,5.12,overcast clouds,RU,2022-04-17 15:49:07
58,Mahébourg,-20.4081,57.7,79.25,94,40,6.91,scattered clouds,MU,2022-04-17 15:49:07
59,Kavieng,-2.5744,150.7967,82.78,73,78,13.02,broken clouds,PG,2022-04-17 15:49:08
60,Anadyr,64.75,177.4833,30.7,93,40,17.9,light snow,RU,2022-04-17 15:49:08
61,Calbuco,-41.768,-73.1273,51.01,79,95,2.8,overcast clouds,CL,2022-04-17 15:49:08
62,Churapcha,62.0025,132.4325,10.53,95,18,3.49,few clouds,RU,2022-04-17 15:49:09
63,Saint Paul Harbor,57.79,-152.4072,35.11,87,100,4.61,light rain,US,2022-04-17 15:49:09
64,Independência,-5.3964,-40.3086,90.91,41,74,5.23,broken clouds,BR,2022-04-17 15:49:10
65,Yar-Sale,66.8333,70.8333,14.45,92,88,7.85,overcast clouds,RU,2022-04-17 15:49:10
66,Mapiri,-15.25,-68.1667,67.71,91,100,0.38,overcast clouds,BO,2022-04-17 15:49:10
67,Lebu,-37.6167,-73.65,59.16,79,100,9.04,overcast clouds,CL,2022-04-17 15:39:42
68,Pilar,-9.5972,-35.9567,82.33,53,53,9.28,broken clouds,BR,2022-04-17 15:45:24
69,Kuna,43.4918,-116.4201,45.09,63,0,1.01,clear sky,US,2022-04-17 15:49:11
70,Rybnaya Sloboda,55.4613,50.1409,37.65,98,100,10.38,overcast clouds,RU,2022-04-17 15:49:11
71,Krasnogvardeyskiy,57.3793,62.3195,35.06,76,86,2.73,overcast clouds,RU,2022-04-17 15:49:12
72,Undory,54.6085,48.3928,54.64,96,100,5.59,overcast clouds,RU,2022-04-17 15:49:12
73,Jamestown,42.097,-79.2353,35.19,49,75,10.36,broken clouds,US,2022-04-17 15:36:23
74,Cape Town,-33.9258,18.4232,70.11,71,0,14.0,clear sky,ZA,2022-04-17 15:49:13
75,Thompson,55.7435,-97.8558,21.36,53,20,0.0,few clouds,CA,2022-04-17 15:49:13
76,Kirakira,-10.4544,161.9205,79.63,81,100,5.32,overcast clouds,SB,2022-04-17 15:49:14
77,College,64.8569,-147.8028,13.98,50,20,9.22,few clouds,US,2022-04-17 15:47:32
78,Ushuaia,-54.8,-68.3,47.86,71,75,5.75,broken clouds,AR,2022-04-17 15:36:32
79,Havelock,34.8791,-76.9013,69.98,68,20,16.11,few clouds,US,2022-04-17 15:49:14
80,Qinzhou,21.95,108.6167,59.09,87,100,12.88,overcast clouds,CN,2022-04-17 15:49:15
81,Pionerskiy,54.9508,20.2275,45.75,65,78,10.76,broken clouds,RU,2022-04-17 15:49:15
82,East London,-33.0153,27.9116,69.53,75,67,15.05,broken clouds,ZA,2022-04-17 15:49:15
83,Avarua,-21.2078,-159.775,75.25,94,40,1.14,scattered clouds,CK,2022-04-17 15:39:47
84,Dzaoudzi,-12.7887,45.2699,82.29,74,20,8.05,few clouds,YT,2022-04-17 15:49:16
85,Lompoc,34.6391,-120.4579,55.85,94,100,5.75,mist,US,2022-04-17 15:45:55
86,Castro,-24.7911,-50.0119,66.16,55,42,3.11,scattered clouds,BR,2022-04-17 15:49:17
87,Bambous Virieux,-20.3428,57.7575,79.21,94,40,6.91,moderate rain,MU,2022-04-17 15:49:17
88,Alofi,-19.0595,-169.9187,71.49,100,56,0.0,broken clouds,NU,2022-04-17 15:49:17
89,George Town,5.4112,100.3354,83.95,88,40,5.75,moderate rain,MY,2022-04-17 15:49:18
90,Hobart,-42.8794,147.3294,64.26,73,40,0.0,scattered clouds,AU,2022-04-17 15:39:46
91,Severo-Kuril'sk,50.6789,156.125,29.23,79,38,11.14,scattered clouds,RU,2022-04-17 15:49:18
92,Patea,-39.7583,174.4833,48.92,90,90,5.23,overcast clouds,NZ,2022-04-17 15:49:19
93,Moose Factory,51.2585,-80.6094,21.2,73,100,9.22,overcast clouds,CA,2022-04-17 15:49:19
94,Praia,14.9215,-23.5087,82.94,51,20,16.11,few clouds,CV,2022-04-17 15:50:13
95,Puerto Ayora,-0.7393,-90.3518,75.16,84,92,7.74,light rain,EC,2022-04-17 15:50:20
96,Pevek,69.7008,170.3133,0.72,95,100,3.04,overcast clouds,RU,2022-04-17 15:50:20
97,Half Moon Bay,37.4636,-122.4286,51.84,79,100,5.75,overcast clouds,US,2022-04-17 15:50:21
98,Camacha,33.0833,-16.3333,63.82,68,20,23.02,few clouds,PT,2022-04-17 15:50:21
99,Yangi Marg`ilon,40.4272,71.7189,72.32,24,42,4.61,scattered clouds,UZ,2022-04-17 15:50:21
100,Rochester,43.1548,-77.6156,41.58,64,75,13.8,broken clouds,US,2022-04-17 15:49:05
101,Berlevåg,70.8578,29.0864,37.4,98,100,8.79,overcast clouds,NO,2022-04-17 15:50:22
102,Arraial do Cabo,-22.9661,-42.0278,78.76,83,75,11.5,broken clouds,BR,2022-04-17 15:50:22
103,Tuktoyaktuk,69.4541,-133.0374,3.2,66,100,6.91,overcast clouds,CA,2022-04-17 15:50:23
104,San Angelo,31.4638,-100.437,74.41,43,20,8.99,few clouds,US,2022-04-17 15:50:23
105,Awjilah,29.1081,21.2869,82.11,24,6,18.59,clear sky,LY,2022-04-17 15:50:24
106,Mar del Plata,-38.0023,-57.5575,69.82,83,40,5.99,scattered clouds,AR,2022-04-17 15:50:24
107,Ribeira Grande,38.5167,-28.7,64.8,59,20,19.57,few clouds,PT,2022-04-17 15:50:24
108,Yellowknife,62.456,-114.3525,5.56,56,20,6.91,few clouds,CA,2022-04-17 15:50:25
109,Monrovia,6.3005,-10.7969,87.57,73,100,7.09,overcast clouds,LR,2022-04-17 15:50:25
110,Henties Bay,-22.116,14.2845,64.27,73,20,10.74,few clouds,NA,2022-04-17 15:50:26
111,Bandarbeyla,9.4942,50.8122,83.01,75,84,9.08,broken clouds,SO,2022-04-17 15:50:26
112,Bengkulu,-3.8004,102.2655,77.74,89,34,3.4,scattered clouds,ID,2022-04-17 15:50:26
113,Mangrūl Pīr,20.3167,77.35,94.15,12,0,5.35,clear sky,IN,2022-04-17 15:50:27
114,Pangnirtung,66.1451,-65.7125,8.02,91,100,6.29,overcast clouds,CA,2022-04-17 15:50:27
115,Kabwe,-14.4469,28.4464,67.69,80,80,6.55,broken clouds,ZM,2022-04-17 15:50:28
116,Roald,62.5833,6.1333,63.52,54,40,6.91,scattered clouds,NO,2022-04-17 15:50:28
117,Kismayo,-0.3582,42.5454,83.03,78,100,15.14,overcast clouds,SO,2022-04-17 15:50:29
118,Faanui,-16.4833,-151.75,81.18,71,10,11.3,clear sky,PF,2022-04-17 15:50:29
119,Huron,41.1501,-82.5499,38.91,62,31,11.79,scattered clouds,US,2022-04-17 15:50:30
120,Port Elizabeth,-33.918,25.5701,66.49,92,20,10.36,few clouds,ZA,2022-04-17 15:50:30
121,Corner Brook,48.9667,-57.9484,53.76,74,37,12.17,scattered clouds,CA,2022-04-17 15:50:30
122,Kānker,20.2719,81.4931,85.19,25,45,8.9,scattered clouds,IN,2022-04-17 15:50:31
123,Arrondissement de Saint-Dizier,48.4167,5.0833,65.8,61,0,13.65,clear sky,FR,2022-04-17 15:50:31
124,Luleå,65.5842,22.1547,48.27,61,0,3.44,clear sky,SE,2022-04-17 15:50:32
125,Kumano,34.3442,132.5894,53.94,63,100,4.32,overcast clouds,JP,2022-04-17 15:50:32
126,Morros,-9.4467,-46.3003,84.9,60,81,2.42,broken clouds,BR,2022-04-17 15:50:33
127,São Filipe,14.8961,-24.4956,72.21,77,49,12.86,scattered clouds,CV,2022-04-17 15:50:33
128,Vung Tau,10.346,107.0843,82.67,77,47,17.96,scattered clouds,VN,2022-04-17 15:47:11
129,Vostok,46.4856,135.8833,24.28,85,19,5.01,few clouds,RU,2022-04-17 15:50:33
130,Tauranga,-37.6861,176.1667,60.93,67,82,4.0,broken clouds,NZ,2022-04-17 15:46:16
131,Nemuro,43.3236,145.575,39.72,89,94,5.5,overcast clouds,JP,2022-04-17 15:50:34
132,Khatanga,71.9667,102.5,10.89,96,99,11.1,overcast clouds,RU,2022-04-17 15:50:34
133,Nikolskoye,59.7035,30.7861,44.49,65,88,4.27,overcast clouds,RU,2022-04-17 15:50:35
134,San-Pédro,4.7485,-6.6363,76.77,87,100,4.29,overcast clouds,CI,2022-04-17 15:50:35
135,Adrar,20.5022,-10.0711,96.31,8,4,8.3,clear sky,MR,2022-04-17 15:50:35
136,Kaitangata,-46.2817,169.8464,43.05,93,4,4.12,clear sky,NZ,2022-04-17 15:50:36
137,Korem,12.5058,39.5228,63.66,47,98,3.31,overcast clouds,ET,2022-04-17 15:50:36
138,Longyearbyen,78.2186,15.6401,21.04,86,75,8.05,light snow,SJ,2022-04-17 15:51:37
139,Chui,-33.6971,-53.4616,70.75,54,84,9.73,broken clouds,UY,2022-04-17 15:51:37
140,Caravelas,-17.7125,-39.2481,81.54,58,97,12.68,overcast clouds,BR,2022-04-17 15:51:37
141,Okhotsk,59.3833,143.3,18.93,90,100,3.96,overcast clouds,RU,2022-04-17 15:51:38
142,Labuhan,-6.8844,112.2051,81.36,81,49,4.97,scattered clouds,ID,2022-04-17 15:51:38
143,Ganta,7.3022,-8.5308,80.53,66,100,4.23,overcast clouds,LR,2022-04-17 15:51:39
144,Faya,18.3851,42.4509,72.12,42,79,6.89,moderate rain,SA,2022-04-17 15:51:39
145,La Ronge,55.1001,-105.2842,30.42,46,75,4.61,broken clouds,CA,2022-04-17 15:51:40
146,Katsuura,35.1333,140.3,57.58,74,72,6.51,broken clouds,JP,2022-04-17 15:51:40
147,Los Llanos de Aridane,28.6585,-17.9182,71.35,69,0,14.97,clear sky,ES,2022-04-17 15:51:40
148,Dera Ghazi Khan,30.0561,70.6348,93.07,8,38,2.15,scattered clouds,PK,2022-04-17 15:51:41
149,Pisco,-13.7,-76.2167,69.03,77,0,8.05,clear sky,PE,2022-04-17 15:51:41
150,Sa Kaeo,13.75,102.3333,74.97,87,100,1.97,overcast clouds,TH,2022-04-17 15:51:41
151,Bonavista,48.6499,-53.1147,40.14,70,77,23.71,broken clouds,CA,2022-04-17 15:51:42
152,Kysyl-Syr,63.8986,122.7617,27.59,83,100,12.64,overcast clouds,RU,2022-04-17 15:51:42
153,Virginia Beach,36.8529,-75.978,60.06,65,75,17.27,broken clouds,US,2022-04-17 15:47:37
154,Wolfeboro,43.584,-71.2073,45.34,48,100,10.36,overcast clouds,US,2022-04-17 15:51:43
155,Morón,-34.6534,-58.6198,71.01,67,86,6.17,overcast clouds,AR,2022-04-17 15:51:43
156,Arzgir,45.3728,44.2206,60.04,50,49,10.87,scattered clouds,RU,2022-04-17 15:51:43
157,Alta Floresta,-9.8756,-56.0861,84.02,74,75,4.61,broken clouds,BR,2022-04-17 15:51:44
158,Bontang,0.1333,117.5,81.03,82,88,8.52,overcast clouds,ID,2022-04-17 15:51:44
159,Portland,45.5234,-122.6762,47.53,78,20,6.91,few clouds,US,2022-04-17 15:51:45
160,Salto,-31.3833,-57.9667,68.88,68,68,11.01,broken clouds,UY,2022-04-17 15:51:23
161,Saskylakh,71.9167,114.0833,27.07,96,100,19.95,light snow,RU,2022-04-17 15:51:45
162,Esperance,-33.8667,121.9,55.24,60,80,10.47,broken clouds,AU,2022-04-17 15:51:46
163,Uyemskiy,64.4743,40.8524,35.65,80,40,6.71,scattered clouds,RU,2022-04-17 15:51:46
164,Turtas,58.9417,69.1325,25.52,98,75,2.57,broken clouds,RU,2022-04-17 15:51:47
165,Marawi,7.9986,124.2928,68.92,95,90,0.51,overcast clouds,PH,2022-04-17 15:51:47
166,Chengde,40.9725,117.9361,53.55,31,86,3.2,overcast clouds,CN,2022-04-17 15:51:47
167,Plettenberg Bay,-34.0527,23.3716,61.72,76,0,3.53,clear sky,ZA,2022-04-17 15:51:48
168,Oxford,51.7522,-1.256,66.36,30,0,13.8,clear sky,GB,2022-04-17 15:48:33
169,Ponta do Sol,32.6667,-17.1,76.12,39,100,12.33,overcast clouds,PT,2022-04-17 15:51:48
170,Sisimiut,66.9395,-53.6735,20.07,60,100,5.35,overcast clouds,GL,2022-04-17 15:51:49
171,Husavik,66.0449,-17.3389,41.74,93,99,6.76,overcast clouds,IS,2022-04-17 15:51:49
172,Bethel,41.3712,-73.414,48.58,45,0,13.8,clear sky,US,2022-04-17 15:51:49
173,San Felipe,10.3399,-68.7425,76.55,84,100,3.89,overcast clouds,VE,2022-04-17 15:51:50
174,Vanavara,60.34,102.2797,42.39,87,99,13.8,overcast clouds,RU,2022-04-17 15:51:50
175,Esim,4.8699,-2.2405,82.22,76,94,10.42,overcast clouds,GH,2022-04-17 15:51:51
176,Tila,17.4,-92.4833,90.16,35,4,2.73,clear sky,MX,2022-04-17 15:51:51
177,Padang,-0.9492,100.3543,79.18,88,100,3.13,light rain,ID,2022-04-17 15:51:51
178,Atuona,-9.8,-139.0333,79.02,80,43,16.93,scattered clouds,PF,2022-04-17 15:51:52
179,New Norfolk,-42.7826,147.0587,61.92,61,100,3.0,light rain,AU,2022-04-17 15:51:52
180,Nome,64.5011,-165.4064,30.27,80,100,16.11,light snow,US,2022-04-17 15:51:53
181,Kaset Sombun,16.2805,101.9542,81.18,71,100,2.06,overcast clouds,TH,2022-04-17 15:51:53
182,Dwārka,22.2394,68.9678,80.91,81,0,12.46,clear sky,IN,2022-04-17 15:51:53
183,Neyshabur,36.2133,58.7958,61.77,54,92,1.77,overcast clouds,IR,2022-04-17 15:52:54
184,Yeppoon,-23.1333,150.7333,65.98,80,6,10.45,clear sky,AU,2022-04-17 15:52:54
185,Isangel,-19.55,169.2667,75.31,83,100,2.3,heavy intensity rain,VU,2022-04-17 15:52:54
186,Cabo San Lucas,22.8909,-109.9124,85.05,49,100,4.25,overcast clouds,MX,2022-04-17 15:51:13
187,Yulara,-25.2406,130.9889,67.84,42,0,3.44,clear sky,AU,2022-04-17 15:52:55
188,Kaniama,-7.5667,24.1833,74.16,81,74,4.25,light rain,CD,2022-04-17 15:52:55
189,Hithadhoo,-0.6,73.0833,83.66,75,69,8.01,broken clouds,MV,2022-04-17 15:52:56
190,Carnarvon,-24.8667,113.6333,69.87,94,100,5.75,overcast clouds,AU,2022-04-17 15:52:56
191,Santa Maria,-29.6842,-53.8069,69.1,64,20,11.5,few clouds,BR,2022-04-17 15:52:57
192,Chapais,49.7834,-74.8492,26.38,74,100,14.43,overcast clouds,CA,2022-04-17 15:52:57
193,Giyani,-23.3025,30.7187,62.62,82,100,7.92,overcast clouds,ZA,2022-04-17 15:52:57
194,City of San Pedro,14.35,121.0167,81.63,73,75,8.05,broken clouds,PH,2022-04-17 15:52:58
195,Vardø,70.3705,31.1107,38.41,89,100,8.72,overcast clouds,NO,2022-04-17 15:52:58
196,Rabat,33.9911,-6.8401,84.04,67,100,8.05,overcast clouds,MA,2022-04-17 15:48:42
197,Saqqez,36.2499,46.2735,50.29,33,1,5.91,clear sky,IR,2022-04-17 15:52:59
198,Codrington,-38.2667,141.9667,55.87,95,100,5.77,light rain,AU,2022-04-17 15:52:59
199,Atambua,-9.1061,124.8925,74.41,89,100,3.13,overcast clouds,ID,2022-04-17 15:53:00
200,Doctor Arroyo,23.6667,-100.1833,77.65,40,97,4.94,overcast clouds,MX,2022-04-17 15:53:00
201,Xam Nua,20.4197,104.0439,65.32,97,93,2.46,overcast clouds,LA,2022-04-17 15:53:01
202,Yatou,37.15,122.3833,53.53,48,100,7.58,overcast clouds,CN,2022-04-17 15:53:01
203,Ratnagiri,16.9833,73.3,82.24,68,0,6.31,clear sky,IN,2022-04-17 15:53:02
204,Boden,65.8252,21.6886,48.2,100,100,1.45,overcast clouds,SE,2022-04-17 15:53:02
205,Leningradskiy,69.3833,178.4167,-1.23,96,37,3.31,scattered clouds,RU,2022-04-17 15:53:02
206,Chokurdakh,70.6333,147.9167,-8.91,100,48,4.56,scattered clouds,RU,2022-04-17 15:53:03
207,Dingle,10.9995,122.6711,76.41,88,57,6.49,broken clouds,PH,2022-04-17 15:53:03
208,Adela,12.4416,120.9729,78.01,80,80,4.88,broken clouds,PH,2022-04-17 15:53:04
209,Puri,19.8,85.85,84.72,84,75,22.66,broken clouds,IN,2022-04-17 15:49:17
210,Cockburn Town,21.4612,-71.1419,77.83,79,82,20.04,broken clouds,TC,2022-04-17 15:53:04
211,Ixtapa,20.7,-105.2,92.14,14,84,3.2,broken clouds,MX,2022-04-17 15:53:05
212,Mkushi,-13.6202,29.3939,66.81,87,71,7.43,broken clouds,ZM,2022-04-17 15:53:05
213,Nuuk,64.1835,-51.7216,27.88,79,97,18.01,overcast clouds,GL,2022-04-17 15:53:06
214,Moramanga,-18.9333,48.2,64.09,99,11,3.02,few clouds,MG,2022-04-17 15:53:06
215,Nizwá,22.9333,57.5333,91.78,16,86,6.4,overcast clouds,OM,2022-04-17 15:53:06
216,Fortuna,40.5982,-124.1573,43.93,95,0,5.75,clear sky,US,2022-04-17 15:48:12
217,Arlit,18.7369,7.3853,89.58,7,100,7.85,overcast clouds,NE,2022-04-17 15:53:07
218,Yenagoa,4.9247,6.2642,81.3,81,100,5.28,overcast clouds,NG,2022-04-17 15:53:07
219,Taunggyi,20.7833,97.0333,70.29,47,57,3.83,broken clouds,MM,2022-04-17 15:53:08
220,De-Kastri,51.4667,140.7833,26.6,96,100,7.47,light snow,RU,2022-04-17 15:53:08
221,Bathsheba,13.2167,-59.5167,84.81,65,40,21.85,scattered clouds,BB,2022-04-17 15:53:09
222,Tessalit,20.1986,1.0114,86.23,13,0,13.62,clear sky,ML,2022-04-17 15:53:09
223,Meulaboh,4.1363,96.1285,79.54,84,97,2.66,light rain,ID,2022-04-17 15:53:09
224,Serebryansk,49.6925,83.2892,38.61,75,74,4.21,broken clouds,KZ,2022-04-17 15:54:10
225,Majene,-3.5403,118.9707,78.57,89,100,4.85,overcast clouds,ID,2022-04-17 15:54:10
226,Aklavik,68.2191,-135.0107,3.2,60,75,5.75,broken clouds,CA,2022-04-17 15:54:11
227,Campbell River,50.0163,-125.2446,45.45,93,75,3.44,broken clouds,CA,2022-04-17 15:52:04
228,Cantaura,9.3057,-64.3584,88.7,47,99,13.18,overcast clouds,VE,2022-04-17 15:54:11
229,Tazovsky,67.4667,78.7,12.18,93,84,14.72,broken clouds,RU,2022-04-17 15:54:12
230,Norman Wells,65.282,-126.8329,-3.96,65,20,2.3,few clouds,CA,2022-04-17 15:54:12
231,Comodoro Rivadavia,-45.8667,-67.5,66.06,37,0,13.8,clear sky,AR,2022-04-17 15:54:13
232,Shima,24.4478,117.8111,64.42,68,33,3.56,scattered clouds,CN,2022-04-17 15:54:13
233,Kaz,52.9113,87.3105,50.81,71,100,3.47,overcast clouds,RU,2022-04-17 15:54:13
234,Bilibino,68.0546,166.4372,9.73,97,100,2.3,overcast clouds,RU,2022-04-17 15:54:14
235,Hambantota,6.1241,81.1185,77.34,100,20,3.44,few clouds,LK,2022-04-17 15:54:14
236,Haimen,23.1935,116.6142,66.09,77,54,16.98,broken clouds,CN,2022-04-17 15:54:14
237,Mayumba,-3.432,10.6554,81.03,80,83,7.47,broken clouds,GA,2022-04-17 15:54:15
238,Mnogovershinnyy,53.9353,139.9242,14.23,89,89,1.45,overcast clouds,RU,2022-04-17 15:54:15
239,Pringsewu,-5.3582,104.9744,74.71,96,31,1.1,scattered clouds,ID,2022-04-17 15:54:16
240,Noumea,-22.2763,166.4572,75.99,99,18,4.94,few clouds,NC,2022-04-17 15:54:16
241,Neiafu,-18.65,-173.9833,75.88,94,40,0.0,scattered clouds,TO,2022-04-17 15:54:17
242,Sungai Penuh,-2.0833,101.3833,67.41,98,100,1.5,overcast clouds,ID,2022-04-17 15:54:17
243,Lumphat,13.4878,106.9816,78.21,76,78,3.85,broken clouds,KH,2022-04-17 15:54:18
244,Paducah,37.0834,-88.6001,53.29,62,100,5.75,light rain,US,2022-04-17 15:54:18
245,Nanaimo,49.1663,-123.936,45.07,83,24,6.91,few clouds,CA,2022-04-17 15:54:18
246,Sioux Lookout,50.1001,-91.917,24.87,63,40,4.61,scattered clouds,CA,2022-04-17 15:54:19
247,Netrakona,24.8833,90.7167,70.66,85,15,9.04,few clouds,BD,2022-04-17 15:54:19
248,Turaif,31.6725,38.6637,82.65,10,0,5.75,clear sky,SA,2022-04-17 15:54:19
249,Hukuntsi,-24.0,21.75,68.09,71,59,12.53,light rain,BW,2022-04-17 15:54:20
250,Kaseda-shirakame,31.4167,130.3167,58.57,63,72,4.74,broken clouds,JP,2022-04-17 15:54:20
251,Khovd,48.0056,91.6419,46.09,22,0,0.78,clear sky,MN,2022-04-17 15:54:21
252,Marfino,55.7028,37.3822,41.34,41,0,13.42,clear sky,RU,2022-04-17 15:54:21
253,Asău,46.4333,26.4,42.28,59,100,10.45,overcast clouds,RO,2022-04-17 15:54:22
254,Launceston,-41.45,147.1667,61.34,96,100,10.36,moderate rain,AU,2022-04-17 15:54:22
255,Souillac,-20.5167,57.5167,79.18,94,40,6.91,light rain,MU,2022-04-17 15:54:22
256,Praia,14.9215,-23.5087,82.94,51,20,16.11,few clouds,CV,2022-04-17 15:54:23
257,Tofield,53.3668,-112.6686,30.27,72,100,4.41,overcast clouds,CA,2022-04-17 15:54:23
258,Esik,43.3552,77.4525,58.42,40,42,8.37,scattered clouds,KZ,2022-04-17 15:54:24
259,Obigarm,38.7173,69.7088,64.47,40,11,6.51,few clouds,TJ,2022-04-17 15:54:24
260,Kondopoga,62.2057,34.2614,46.08,88,100,8.12,overcast clouds,RU,2022-04-17 15:54:24
261,Carhuamayo,-10.9167,-76.0333,51.71,36,13,10.0,few clouds,PE,2022-04-17 15:54:25
262,Marystown,47.1666,-55.1483,40.37,96,90,17.36,overcast clouds,CA,2022-04-17 15:54:25
263,Saint-Philippe,-21.3585,55.7679,78.39,87,36,12.06,light rain,RE,2022-04-17 15:54:25
264,Salinópolis,-0.6136,-47.3561,82.06,82,99,6.22,overcast clouds,BR,2022-04-17 15:54:26
265,Tiksi,71.6872,128.8694,-7.02,98,48,2.91,scattered clouds,RU,2022-04-17 15:54:26
266,The Valley,18.217,-63.0578,84.34,58,20,20.71,few clouds,AI,2022-04-17 15:54:27
267,Camaná,-16.6228,-72.7111,69.85,74,73,8.99,broken clouds,PE,2022-04-17 15:54:27
268,Cap Malheureux,-19.9842,57.6142,79.47,88,34,4.0,scattered clouds,MU,2022-04-17 15:54:27
269,Harper,4.375,-7.7169,78.46,82,100,7.25,overcast clouds,LR,2022-04-17 15:54:28
270,Umarkot,25.3616,69.7362,90.28,40,1,18.57,clear sky,PK,2022-04-17 15:55:28
271,Moree,-29.4667,149.85,60.82,77,2,8.05,clear sky,AU,2022-04-17 15:55:29
272,Seoul,37.5683,126.9778,51.4,60,75,2.3,broken clouds,KR,2022-04-17 15:55:00
273,Provideniya,64.3833,-173.3,29.8,97,100,19.06,snow,RU,2022-04-17 15:55:29
274,Mingrelskaya,45.0134,38.3379,67.21,58,100,1.5,overcast clouds,RU,2022-04-17 15:55:30
275,Assiut,27.181,31.1837,105.98,7,83,9.86,broken clouds,EG,2022-04-17 15:55:30
276,Whitehorse,60.7161,-135.0538,20.17,62,100,6.91,light snow,CA,2022-04-17 15:55:30
277,Bangassou,4.7413,22.8184,77.77,76,55,1.77,light rain,CF,2022-04-17 15:55:31
278,Kikwit,-5.041,18.8162,71.96,96,100,7.96,heavy intensity rain,CD,2022-04-17 15:55:31
279,Walvis Bay,-22.9575,14.5053,70.75,52,0,8.05,clear sky,NA,2022-04-17 15:55:32
280,Sorong,-0.8833,131.25,82.18,79,99,12.88,overcast clouds,ID,2022-04-17 15:55:32
281,Saint George,37.1041,-113.5841,63.43,29,0,0.0,clear sky,US,2022-04-17 15:53:38
282,Severo-Yeniseyskiy,60.3725,93.0408,30.72,95,100,10.45,light snow,RU,2022-04-17 15:55:32
283,Abu Kamal,34.4506,40.9171,77.65,15,13,4.43,few clouds,SY,2022-04-17 15:55:33
284,Cedar Rapids,42.0083,-91.6441,41.13,53,100,7.0,overcast clouds,US,2022-04-17 15:54:42
285,Baykit,61.67,96.37,33.39,86,100,12.06,overcast clouds,RU,2022-04-17 15:55:34
286,Palana,59.1167,159.9667,12.36,96,95,5.23,overcast clouds,RU,2022-04-17 15:55:34
287,Ismailia,30.6043,32.2723,96.87,14,0,16.11,clear sky,EG,2022-04-17 15:55:34
288,Sumbe,-11.2061,13.8437,80.13,84,89,7.23,overcast clouds,AO,2022-04-17 15:55:35
289,Kimbe,-5.5502,150.1429,75.78,94,41,3.11,light rain,PG,2022-04-17 15:55:35
290,Marrakesh,31.6315,-8.0083,91.47,13,0,5.75,clear sky,MA,2022-04-17 15:55:36
291,Hofn,64.2539,-15.2082,46.63,80,20,8.7,few clouds,IS,2022-04-17 15:55:36
292,Hobyo,5.3505,48.5268,84.15,78,18,18.14,few clouds,SO,2022-04-17 15:55:36
293,Ulladulla,-35.35,150.4667,58.1,80,81,6.49,broken clouds,AU,2022-04-17 15:55:37
294,Bilma,18.6853,12.9164,97.29,6,35,10.0,scattered clouds,NE,2022-04-17 15:55:37
295,Porto Tolle,44.9497,12.3245,61.03,47,7,8.61,clear sky,IT,2022-04-17 15:55:38
296,La Colmena,-25.8833,-56.8167,76.32,49,17,1.28,few clouds,PY,2022-04-17 15:55:38
297,Puksoozero,62.5903,40.6066,33.42,98,100,8.52,snow,RU,2022-04-17 15:55:38
298,Terney,45.0503,136.6092,39.02,60,99,6.02,overcast clouds,RU,2022-04-17 15:55:39
299,Biak,-0.9131,122.8766,76.26,80,98,2.66,overcast clouds,ID,2022-04-17 15:55:39
300,Bereda,43.2686,-7.5406,65.41,70,95,6.71,overcast clouds,ES,2022-04-17 15:55:40
301,Saint-Augustin,51.226,-58.6502,34.32,99,100,11.18,overcast clouds,CA,2022-04-17 15:53:48
302,Solton,52.8429,86.4787,56.01,49,100,3.65,overcast clouds,RU,2022-04-17 15:55:40
303,Upata,8.0086,-62.3989,91.22,31,84,9.08,broken clouds,VE,2022-04-17 15:55:41
304,Kushima,31.4583,131.2333,56.43,80,39,2.86,scattered clouds,JP,2022-04-17 15:55:41
305,Maracaju,-21.6144,-55.1683,77.34,39,21,6.31,few clouds,BR,2022-04-17 15:55:41
306,Nālūt,30.3333,10.85,72.46,22,0,14.7,clear sky,LY,2022-04-17 15:55:42
307,Iwanai,42.9744,140.5089,39.9,91,86,6.11,overcast clouds,JP,2022-04-17 15:55:42
308,Laem Sing,12.4816,102.0738,86.14,100,100,4.09,light rain,TH,2022-04-17 15:55:43
309,Khobi,42.3156,41.8987,61.97,59,48,6.51,scattered clouds,GE,2022-04-17 15:55:43
310,Naze,28.3667,129.4833,63.52,62,82,6.31,broken clouds,JP,2022-04-17 15:55:43
311,Wahiawā,21.5028,-158.0236,70.21,80,20,0.0,few clouds,US,2022-04-17 15:55:44
312,Sakakah,29.9697,40.2064,87.37,8,6,8.08,clear sky,SA,2022-04-17 15:55:44
313,Klyuchi,52.2667,79.1667,60.01,41,91,8.37,overcast clouds,RU,2022-04-17 15:55:45
314,San Fernando del Valle de Catamarca,-28.4696,-65.7852,75.78,47,0,4.0,clear sky,AR,2022-04-17 15:55:45
315,Mpigi,0.225,32.3136,76.01,76,93,3.36,overcast clouds,UG,2022-04-17 15:56:46
316,Severnyy,50.677,36.5532,46.44,100,75,4.47,light intensity shower rain,RU,2022-04-17 15:56:46
317,Moerai,-22.4333,-151.3333,78.84,72,74,3.36,broken clouds,PF,2022-04-17 15:56:46
318,Nizhneivkino,58.194,49.5214,25.3,94,58,3.47,broken clouds,RU,2022-04-17 15:56:47
319,Kaeo,-35.1,173.7833,66.33,97,100,17.27,moderate rain,NZ,2022-04-17 15:56:47
320,Kahului,20.8947,-156.47,72.84,86,25,1.99,scattered clouds,US,2022-04-17 15:56:48
321,Mastic Beach,40.7668,-72.8521,51.12,40,1,18.01,clear sky,US,2022-04-17 15:56:48
322,Vryburg,-26.9566,24.7284,63.61,71,54,3.31,moderate rain,ZA,2022-04-17 15:56:49
323,Bāfq,31.6128,55.4107,73.54,28,29,21.85,scattered clouds,IR,2022-04-17 15:56:49
324,Ponta Delgada,37.7333,-25.6667,65.12,68,40,18.41,scattered clouds,PT,2022-04-17 15:56:49
325,Hasaki,35.7333,140.8333,52.29,68,76,8.25,broken clouds,JP,2022-04-17 15:56:50
326,Ketchikan,55.3422,-131.6461,41.47,65,80,3.33,broken clouds,US,2022-04-17 15:56:50
327,Filingué,14.3521,3.3168,99.84,7,87,12.35,overcast clouds,NE,2022-04-17 15:56:51
328,Zhigansk,66.7697,123.3711,25.3,87,100,30.22,overcast clouds,RU,2022-04-17 15:56:51
329,Río Gallegos,-51.6226,-69.2181,53.65,47,0,13.8,clear sky,AR,2022-04-17 15:56:52
330,Smiltene,57.4244,25.9016,49.55,46,90,4.72,overcast clouds,LV,2022-04-17 15:56:52
331,Yokadouma,3.5167,15.05,92.75,37,57,3.47,broken clouds,CM,2022-04-17 15:56:53
332,Campoverde,-8.4753,-74.8058,85.69,49,8,5.14,clear sky,PE,2022-04-17 15:56:53
333,Hervey Bay,-25.2986,152.8535,65.01,87,35,10.0,scattered clouds,AU,2022-04-17 15:56:53
334,Srednekolymsk,67.45,153.6833,4.5,98,100,5.12,overcast clouds,RU,2022-04-17 15:52:31
335,Tongliao,43.6125,122.2653,46.76,50,90,4.32,overcast clouds,CN,2022-04-17 15:56:54
336,Broome,42.2506,-75.833,39.47,63,100,8.01,overcast clouds,US,2022-04-17 15:56:54
337,Lázaro Cárdenas,17.9583,-102.2,81.23,59,77,5.66,broken clouds,MX,2022-04-17 15:55:00
338,Yamada,39.4667,141.95,44.19,83,0,5.53,clear sky,JP,2022-04-17 15:56:55
339,Cabinda,-5.55,12.2,86.14,70,20,8.05,few clouds,AO,2022-04-17 15:56:55
340,Taoudenni,22.6783,-3.9836,90.61,15,0,15.77,clear sky,ML,2022-04-17 15:56:56
341,Beringovskiy,63.05,179.3167,29.34,98,100,15.17,snow,RU,2022-04-17 15:56:56
342,Salym,60.0625,71.4789,22.75,95,65,2.28,broken clouds,RU,2022-04-17 15:56:56
343,Palu,-0.8917,119.8707,75.99,96,81,3.13,broken clouds,ID,2022-04-17 15:56:57
344,Svirstroy,60.7999,33.7248,36.18,89,99,4.74,overcast clouds,RU,2022-04-17 15:56:57
345,Praia da Vitória,38.7333,-27.0667,64.65,72,40,13.0,scattered clouds,PT,2022-04-17 15:56:58
346,Shaowu,27.3409,117.4831,56.52,97,100,2.17,overcast clouds,CN,2022-04-17 15:56:58
347,At-Bashi,41.1702,75.8106,52.74,40,95,3.24,overcast clouds,KG,2022-04-17 15:56:58
348,Saint-Pierre,-21.3393,55.4781,78.48,83,21,18.41,few clouds,RE,2022-04-17 15:56:59
349,São Paulo de Olivença,-3.3783,-68.8725,83.68,79,93,0.85,overcast clouds,BR,2022-04-17 15:56:59
350,Dicabisagan,17.0818,122.4157,76.53,87,79,7.58,broken clouds,PH,2022-04-17 15:56:59
351,Corning,42.1428,-77.0547,38.57,65,98,13.29,overcast clouds,US,2022-04-17 15:57:00
352,Kloulklubed,7.0419,134.2556,73.9,71,100,3.27,overcast clouds,PW,2022-04-17 15:57:00
353,Cervo,43.6702,-7.4101,59.16,78,79,6.15,broken clouds,ES,2022-04-17 15:57:01
354,Vágur,61.4732,-6.8119,46.98,95,100,12.53,overcast clouds,FO,2022-04-17 15:57:01
355,Necochea,-38.5473,-58.7368,68.29,51,78,3.69,broken clouds,AR,2022-04-17 15:57:02
356,Mahibadhoo,3.7833,72.9667,84.61,73,100,13.27,overcast clouds,MV,2022-04-17 15:57:02
357,Rio Brilhante,-21.8019,-54.5464,78.06,40,6,5.59,clear sky,BR,2022-04-17 15:57:02
358,Lakshmīpur,22.95,90.8333,81.12,87,62,12.37,broken clouds,BD,2022-04-17 15:57:03
359,San Cristobal,7.7669,-72.225,66.38,96,100,1.66,overcast clouds,VE,2022-04-17 15:58:03
360,Verkhoyansk,67.5447,133.385,-2.18,99,38,3.24,scattered clouds,RU,2022-04-17 15:58:04
361,Esmeraldas,-19.7625,-44.3139,80.71,46,4,1.3,clear sky,BR,2022-04-17 15:58:04
362,Chornukhy,50.2673,32.942,41.7,72,83,6.13,broken clouds,UA,2022-04-17 15:58:05
363,Virden,39.5009,-89.7679,46.09,53,97,13.4,overcast clouds,US,2022-04-17 15:58:05
364,Jerusalem,31.769,35.2163,88.0,16,1,1.01,clear sky,IL,2022-04-17 15:58:06
365,Saldanha,-33.0117,17.9442,78.85,71,2,11.23,clear sky,ZA,2022-04-17 15:58:06
366,Santiago,-33.4569,-70.6483,80.29,45,0,2.3,clear sky,CL,2022-04-17 15:58:07
367,Te Anau,-45.4167,167.7167,44.78,93,22,2.13,few clouds,NZ,2022-04-17 15:58:07
368,Talnakh,69.4865,88.3972,9.21,96,100,8.14,light snow,RU,2022-04-17 15:58:07
369,Ürümqi,43.801,87.6005,61.75,10,0,6.71,clear sky,CN,2022-04-17 15:58:04
370,Okha,53.5739,142.9478,19.38,94,80,0.96,broken clouds,RU,2022-04-17 15:58:08
371,Uruguaiana,-29.7547,-57.0883,69.73,64,40,10.36,scattered clouds,BR,2022-04-17 15:58:08
372,Ust-Nera,64.5667,143.2,2.68,100,85,2.37,overcast clouds,RU,2022-04-17 15:58:09
373,Castaños,26.7833,-101.4167,83.34,59,90,5.35,overcast clouds,MX,2022-04-17 15:58:09
374,Leshukonskoye,64.8989,45.7622,33.37,98,100,7.38,light snow,RU,2022-04-17 15:58:09
375,Ternate,0.8,127.4,80.83,80,82,5.57,broken clouds,ID,2022-04-17 15:58:10
376,Ayagoz,47.9714,80.4392,58.14,19,84,5.14,broken clouds,KZ,2022-04-17 15:58:10
377,São José da Coroa Grande,-8.8978,-35.1478,84.34,70,70,8.16,broken clouds,BR,2022-04-17 15:58:11
378,São Gabriel da Cachoeira,-0.1303,-67.0892,84.0,79,40,4.61,scattered clouds,BR,2022-04-17 15:58:11
379,Port Hardy,50.6996,-127.4199,41.0,93,20,3.44,few clouds,CA,2022-04-17 15:58:12
380,Sørland,67.667,12.6934,44.46,88,100,19.28,overcast clouds,NO,2022-04-17 15:58:12
381,Omboué,-1.5746,9.2618,82.27,76,98,7.92,overcast clouds,GA,2022-04-17 15:58:12
382,Sonoita,31.85,-112.8333,78.28,14,0,4.79,clear sky,MX,2022-04-17 15:58:13
383,Xingyi,24.1877,102.817,60.73,84,74,4.54,broken clouds,CN,2022-04-17 15:58:13
384,Ancud,-41.8697,-73.8203,63.23,76,100,3.8,overcast clouds,CL,2022-04-17 15:58:14
385,Belmonte,-15.8631,-38.8828,78.19,77,100,15.43,light rain,BR,2022-04-17 15:58:14
386,São Marcos,-28.9711,-51.0681,70.2,45,9,2.35,clear sky,BR,2022-04-17 15:58:14
387,Novokizhinginsk,51.6115,109.5917,40.57,75,30,5.53,scattered clouds,RU,2022-04-17 15:58:15
388,Porto-Novo,6.4965,2.6036,86.04,67,69,11.25,broken clouds,BJ,2022-04-17 15:56:43
389,Qingdao,36.0986,120.3719,56.8,47,0,8.95,clear sky,CN,2022-04-17 15:58:15
390,Kilakarai,9.2333,78.7833,86.85,68,55,11.72,light rain,IN,2022-04-17 15:58:16
391,Emerald,-23.5333,148.1667,64.54,72,0,8.05,clear sky,AU,2022-04-17 15:58:16
392,Wajir,1.7471,40.0573,91.58,39,100,6.98,overcast clouds,KE,2022-04-17 15:58:17
393,Cherëmukhovo,60.3484,59.9851,20.95,92,31,2.93,scattered clouds,RU,2022-04-17 15:58:17
394,Uenohara,35.6167,139.1167,56.44,92,88,2.66,overcast clouds,JP,2022-04-17 15:58:17
395,San Quintín,30.4833,-115.95,63.03,69,0,14.97,clear sky,MX,2022-04-17 15:58:18
396,Alyangula,-13.8483,136.4192,75.07,94,100,0.0,overcast clouds,AU,2022-04-17 15:58:18
397,Nicoya,10.1483,-85.452,91.22,34,100,7.49,overcast clouds,CR,2022-04-17 15:58:19
398,Mehrān,33.1222,46.1646,78.04,14,0,16.22,clear sky,IR,2022-04-17 15:58:19
399,Oil City,41.4339,-79.7064,37.08,59,100,6.91,overcast clouds,US,2022-04-17 15:58:19
400,Jacmel,18.2342,-72.5347,83.28,58,34,8.68,scattered clouds,HT,2022-04-17 15:58:20
401,Leland,34.2563,-78.0447,78.94,72,99,8.23,overcast clouds,US,2022-04-17 15:54:05
402,Helong,42.5397,128.9972,40.12,77,88,3.27,overcast clouds,CN,2022-04-17 15:58:20
403,Grindavik,63.8424,-22.4338,45.07,57,75,10.36,broken clouds,IS,2022-04-17 15:58:21
404,Coyhaique,-45.5752,-72.0662,45.21,81,100,0.0,fog,CL,2022-04-17 15:58:21
405,Boa Vista,2.8197,-60.6733,89.58,48,75,12.66,broken clouds,BR,2022-04-17 15:59:22
406,Huambo,-12.7761,15.7392,66.33,90,100,4.72,moderate rain,AO,2022-04-17 15:59:22
407,Tautira,-17.7333,-149.15,80.47,75,27,13.87,scattered clouds,PF,2022-04-17 15:59:22
408,Sisophon,13.5859,102.9737,76.71,85,100,8.72,overcast clouds,KH,2022-04-17 15:59:23
409,Korgen,66.0771,13.8153,51.93,99,98,3.2,overcast clouds,NO,2022-04-17 15:59:23
410,Ambilobe,-13.2,49.05,76.55,85,3,2.42,clear sky,MG,2022-04-17 15:59:24
411,Isetskoye,56.4858,65.3226,36.59,74,27,5.41,scattered clouds,RU,2022-04-17 15:59:24
412,Madang,-5.2246,145.7966,76.3,90,75,2.62,broken clouds,PG,2022-04-17 15:56:40
413,Quryq,43.2,51.65,57.6,61,0,8.1,clear sky,KZ,2022-04-17 15:59:25
414,Lüderitz,-26.6481,15.1594,69.96,59,0,12.17,clear sky,NA,2022-04-17 15:59:25
415,Manubul,5.4732,120.7986,82.6,75,38,5.48,scattered clouds,PH,2022-04-17 15:59:25
416,Manaure,11.7751,-72.4445,86.23,62,99,14.81,overcast clouds,CO,2022-04-17 15:59:26
417,Soyo,-6.1349,12.3689,81.95,79,70,8.97,broken clouds,AO,2022-04-17 15:59:26
418,Tekanto,21.0167,-89.1,91.87,35,3,6.22,clear sky,MX,2022-04-17 15:59:27
419,Vao,-22.6667,167.4833,76.68,70,16,3.8,few clouds,NC,2022-04-17 15:58:46
420,Arrifes,37.7667,-25.7,62.85,68,40,18.41,scattered clouds,PT,2022-04-17 15:59:27
421,Muncar,-8.4333,114.3333,78.3,87,100,2.82,overcast clouds,ID,2022-04-17 15:59:28
422,General Roca,-39.0333,-67.5833,68.77,40,0,10.54,clear sky,AR,2022-04-17 15:55:07
423,Stara Moravica,45.8689,19.4661,50.45,41,97,17.6,overcast clouds,RS,2022-04-17 15:59:28
424,Kibala,9.1104,18.3463,103.95,27,40,6.91,thunderstorm,TD,2022-04-17 15:59:28
425,Kumul,42.8,93.45,59.56,14,0,6.64,clear sky,CN,2022-04-17 15:55:39
426,Touros,-5.1989,-35.4608,86.79,60,97,10.33,overcast clouds,BR,2022-04-17 15:59:29
427,Kabalo,-6.05,26.9167,75.61,85,71,2.42,light rain,CD,2022-04-17 15:59:29
428,Todos Santos,23.45,-110.2167,75.16,44,100,4.99,overcast clouds,MX,2022-04-17 15:59:30
429,Abalak,58.1286,68.5944,31.21,82,51,3.29,broken clouds,RU,2022-04-17 15:59:30
430,Fethiye,36.6217,29.1164,69.67,31,100,10.92,overcast clouds,TR,2022-04-17 15:59:30
431,Port Lincoln,-34.7333,135.8667,62.38,81,100,11.03,light rain,AU,2022-04-17 15:59:31
432,Ahipara,-35.1667,173.1667,68.25,92,100,14.74,light rain,NZ,2022-04-17 15:59:31
433,Carbonear,47.7332,-53.2148,48.04,83,87,16.73,overcast clouds,CA,2022-04-17 15:59:32
434,Aranos,-24.1333,19.1167,83.03,18,8,15.1,clear sky,NA,2022-04-17 15:59:32
435,Terme,41.2092,36.9739,55.54,72,100,7.72,overcast clouds,TR,2022-04-17 15:59:32
436,Boende,-0.2167,20.8667,83.37,63,92,3.0,overcast clouds,CD,2022-04-17 15:59:33
437,Longonjo,-12.9067,15.2533,69.94,88,78,4.36,moderate rain,AO,2022-04-17 15:59:33
438,Boguchany,58.3814,97.4531,46.72,88,73,11.1,broken clouds,RU,2022-04-17 15:59:34
439,Solnechnyy,50.7214,136.6319,24.85,96,100,4.45,overcast clouds,RU,2022-04-17 15:59:34
440,Sandakan,5.8402,118.1179,82.08,83,20,3.44,few clouds,MY,2022-04-17 15:59:34
441,Tuatapere,-46.1333,167.6833,44.1,90,1,3.78,clear sky,NZ,2022-04-17 15:59:35
442,Fare,-16.7,-151.0167,80.47,73,6,11.23,clear sky,PF,2022-04-17 15:59:35
443,Strezhevoy,60.7333,77.5889,22.69,93,100,7.23,overcast clouds,RU,2022-04-17 15:59:35
444,Jalu,29.0331,21.5482,82.74,24,32,17.78,scattered clouds,LY,2022-04-17 15:59:36
445,Sattenapalle,16.4,80.1833,81.97,60,51,19.13,broken clouds,IN,2022-04-17 15:59:36
446,Tra Vinh,9.9347,106.3453,81.41,74,86,8.21,overcast clouds,VN,2022-04-17 15:59:36
447,Coxim,-18.5067,-54.76,85.66,24,0,6.67,clear sky,BR,2022-04-17 15:59:37
448,Catuday,16.2923,119.8062,80.17,74,35,3.71,scattered clouds,PH,2022-04-17 15:59:37
449,Dunhua,43.3725,128.2425,39.67,42,100,1.54,overcast clouds,CN,2022-04-17 16:00:37
450,Delray Beach,26.4615,-80.0728,86.04,76,97,10.0,overcast clouds,US,2022-04-17 16:00:38
451,Margate,51.3813,1.3862,59.88,64,75,1.01,broken clouds,GB,2022-04-17 16:00:38
452,Kiryat Gat,31.61,34.7642,95.68,31,1,10.09,clear sky,IL,2022-04-17 16:00:39
453,Karasjok,69.4719,25.5112,39.18,95,100,11.03,light rain,NO,2022-04-17 16:00:39
454,Anamur,36.0751,32.8369,69.71,43,99,13.51,light rain,TR,2022-04-17 16:00:40
455,Takoradze,4.8845,-1.7554,83.39,75,100,12.17,light rain,GH,2022-04-17 16:00:40
456,Floriano,-6.7669,-43.0225,88.83,60,57,2.08,broken clouds,BR,2022-04-17 16:00:40
457,Port Hedland,-20.3167,118.5667,78.85,89,17,4.61,few clouds,AU,2022-04-17 15:58:07
458,Soe,-9.8607,124.284,66.49,93,100,3.91,overcast clouds,ID,2022-04-17 16:00:41
459,Jinotega,13.0917,-86.0018,82.49,36,30,7.65,scattered clouds,NI,2022-04-17 16:00:41
460,Elizabeth City,36.2946,-76.2511,64.42,61,98,1.01,overcast clouds,US,2022-04-17 16:00:42
461,San Patricio,28.017,-97.5169,84.29,61,80,10.22,broken clouds,US,2022-04-17 15:56:23
462,Evensk,61.95,159.2333,23.68,84,100,8.48,overcast clouds,RU,2022-04-17 15:57:23
463,Bogotol,56.2078,89.5342,44.26,92,100,8.52,overcast clouds,RU,2022-04-17 16:00:42
464,Clyde River,70.4692,-68.5914,-5.93,92,99,5.59,overcast clouds,CA,2022-04-17 16:00:43
465,Kapurthala Town,31.3794,75.3847,86.23,12,10,4.38,clear sky,IN,2022-04-17 16:00:43
466,Pangai,-19.8,-174.35,80.87,77,69,11.7,broken clouds,TO,2022-04-17 16:00:44
467,Kupang,-10.1667,123.5833,79.0,85,98,7.05,overcast clouds,ID,2022-04-17 16:00:44
468,Tura,25.5198,90.2201,69.67,81,2,8.95,clear sky,IN,2022-04-17 16:00:28
469,Brae,60.3964,-1.353,50.34,85,100,13.11,overcast clouds,GB,2022-04-17 16:00:45
470,Kumluca,36.3703,30.2869,69.4,39,100,2.86,light rain,TR,2022-04-17 16:00:45
471,Masuda,34.6667,131.85,51.3,45,100,4.74,overcast clouds,JP,2022-04-17 16:00:46
472,La Reforma,18.1,-91.0167,88.21,47,2,11.1,clear sky,MX,2022-04-17 16:00:46
473,Nazarovo,56.0064,90.3914,47.41,85,100,6.08,overcast clouds,RU,2022-04-17 16:00:46
474,Banda Aceh,5.5577,95.3222,80.65,73,41,4.72,scattered clouds,ID,2022-04-17 15:56:24
475,Mikuni,36.2171,136.1519,51.8,72,1,5.12,clear sky,JP,2022-04-17 16:00:47
476,Benguela,-12.5763,13.4055,79.21,84,68,5.12,moderate rain,AO,2022-04-17 16:00:33
477,Mount Isa,-20.7333,139.5,64.17,48,0,0.0,clear sky,AU,2022-04-17 16:00:48
478,Santa Flavia,38.085,13.5351,55.13,87,97,13.0,overcast clouds,IT,2022-04-17 16:00:48
479,Kholmogory,64.2229,41.656,34.12,98,100,6.08,light snow,RU,2022-04-17 16:00:49
480,Muaná,-1.5283,-49.2167,84.92,73,76,3.4,broken clouds,BR,2022-04-17 16:00:49
481,Byron Bay,-28.65,153.6167,63.95,84,85,6.71,overcast clouds,AU,2022-04-17 15:59:21
482,Jalingo,8.8833,11.3667,76.35,78,85,2.68,moderate rain,NG,2022-04-17 16:00:50
483,Sabang,5.8933,95.3214,83.93,67,71,5.26,broken clouds,ID,2022-04-17 16:00:50
484,Atar,20.5169,-13.0499,102.25,18,4,18.41,sand,MR,2022-04-17 15:58:53
485,Nanortalik,60.1432,-45.2371,30.92,79,100,6.44,overcast clouds,GL,2022-04-17 16:00:51
486,Bagdarin,54.4333,113.6,30.61,90,100,4.32,overcast clouds,RU,2022-04-17 16:00:51
487,Vozhega,60.4725,40.2213,34.47,91,100,3.65,overcast clouds,RU,2022-04-17 16:00:52
488,Guerrero Negro,27.9769,-114.0611,65.01,67,50,14.29,scattered clouds,MX,2022-04-17 16:00:52
489,Kruisfontein,-34.0033,24.7314,63.88,76,31,5.57,scattered clouds,ZA,2022-04-17 16:00:53
490,Santa Cruz de la Sierra,-17.8,-63.1667,78.85,38,40,16.11,scattered clouds,BO,2022-04-17 15:59:33
491,Kolpny,52.2282,37.0368,41.5,88,100,10.78,overcast clouds,RU,2022-04-17 16:00:53
492,Yazman,29.1212,71.7446,94.95,11,56,19.98,broken clouds,PK,2022-04-17 16:00:54
493,Phalombe,-15.8064,35.6507,68.77,93,49,5.28,scattered clouds,MW,2022-04-17 16:00:54
494,Nizhniy Ufaley,55.9153,59.9842,36.01,78,62,2.37,broken clouds,RU,2022-04-17 16:00:55
495,Banfora,10.6333,-4.7667,95.02,28,91,5.59,overcast clouds,BF,2022-04-17 16:01:55
496,Buin,-33.7333,-70.75,71.87,29,0,5.77,clear sky,CL,2022-04-17 16:01:55
497,Carutapera,-1.195,-46.02,84.96,71,62,4.76,broken clouds,BR,2022-04-17 16:01:56
498,Pacific Grove,36.6177,-121.9166,50.09,86,3,7.0,clear sky,US,2022-04-17 16:01:56
499,Jaguaruna,-28.615,-49.0256,70.25,57,86,6.38,overcast clouds,BR,2022-04-17 16:01:57
500,Malgrat de Mar,41.6466,2.7414,69.98,52,12,7.0,few clouds,ES,2022-04-17 16:01:57
501,Kununurra,-15.7667,128.7333,76.98,88,17,1.14,few clouds,AU,2022-04-17 16:01:57
502,Pasichna,48.5715,24.43,36.05,75,97,6.64,overcast clouds,UA,2022-04-17 16:01:58
503,Honningsvåg,70.9821,25.9704,40.75,93,100,24.16,overcast clouds,NO,2022-04-17 16:01:58
504,Derzhavīnsk,51.1,66.3167,57.13,54,98,6.91,overcast clouds,KZ,2022-04-17 16:01:59
505,Mount Gambier,-37.8333,140.7667,55.31,100,100,6.91,mist,AU,2022-04-17 16:01:59
506,Kitami,43.8031,143.8908,39.11,87,63,5.28,broken clouds,JP,2022-04-17 16:02:00
507,Vangaindrano,-23.35,47.6,74.25,86,1,5.35,clear sky,MG,2022-04-17 16:02:00
508,Geraldton,-28.7667,114.6,61.21,63,18,16.11,few clouds,AU,2022-04-17 16:02:00
509,Novozavedennoye,44.2628,43.6381,63.7,64,53,7.58,broken clouds,RU,2022-04-17 16:02:01
510,Carndonagh,55.25,-7.2667,55.02,95,100,7.09,moderate rain,IE,2022-04-17 16:02:01
511,Coquimbo,-29.9533,-71.3436,63.03,69,30,6.73,scattered clouds,CL,2022-04-17 16:02:02
512,Galveston,29.3669,-94.9669,82.04,84,100,9.22,haze,US,2022-04-17 16:02:03
513,North Branch,45.5113,-92.9802,42.98,55,82,5.01,broken clouds,US,2022-04-17 15:58:49
514,Gavrilov-Yam,57.3018,39.8533,44.44,66,23,7.34,few clouds,RU,2022-04-17 16:02:03
515,Magadan,59.5667,150.8,21.43,81,100,5.84,overcast clouds,RU,2022-04-17 16:02:04
516,St. George's,12.0564,-61.7485,83.88,70,20,25.32,few clouds,GD,2022-04-17 15:59:29
517,Kouqian,43.6391,126.4578,44.02,32,99,1.95,overcast clouds,CN,2022-04-17 16:02:04
518,Águilas,37.4063,-1.5829,69.66,58,3,7.11,clear sky,ES,2022-04-17 15:59:27
519,Warri,5.5167,5.75,76.95,93,100,6.04,overcast clouds,NG,2022-04-17 16:02:05
520,Laguna,38.421,-121.4238,59.09,77,0,9.22,clear sky,US,2022-04-17 15:58:40
521,Tadine,-21.55,167.8833,75.47,79,87,3.58,overcast clouds,NC,2022-04-17 16:02:05
522,Buala,-8.145,159.5921,79.57,82,98,6.22,light rain,SB,2022-04-17 16:02:06
523,Lorengau,-2.0226,147.2712,81.27,81,65,4.83,broken clouds,PG,2022-04-17 16:02:06
524,Almeria,37.1667,-2.3333,77.43,35,10,4.92,clear sky,ES,2022-04-17 16:02:07
525,Selje,62.0459,5.351,63.37,74,94,10.87,overcast clouds,NO,2022-04-17 16:02:07
526,Hīt,33.6416,42.8251,77.36,14,0,6.17,clear sky,IQ,2022-04-17 16:02:07
527,Suntar,62.1444,117.6319,34.29,98,100,8.81,snow,RU,2022-04-17 16:02:08
528,Charlotte,35.2271,-80.8431,74.88,50,48,1.01,scattered clouds,US,2022-04-17 16:01:24
529,Casper,42.8666,-106.3131,45.72,35,64,11.01,broken clouds,US,2022-04-17 16:02:08
530,Takhtamygda,54.1,123.5667,26.82,54,88,2.42,overcast clouds,RU,2022-04-17 16:02:09
531,Hamilton,39.1834,-84.5333,46.26,46,0,10.36,clear sky,US,2022-04-17 16:02:09
532,Chara,56.9064,118.2631,26.74,92,100,4.92,snow,RU,2022-04-17 16:02:10
533,Hirara,24.8,125.2833,70.81,68,65,10.8,broken clouds,JP,2022-04-17 16:02:10
534,Sampit,-2.5333,112.95,75.87,89,100,2.68,overcast clouds,ID,2022-04-17 16:02:10
535,Maïné Soroa,13.2114,12.0241,102.51,8,90,8.48,overcast clouds,NE,2022-04-17 16:02:11
536,Humboldt,40.6665,-123.9178,38.12,68,100,1.7,overcast clouds,US,2022-04-17 16:02:11
537,Pontes e Lacerda,-15.2261,-59.3353,83.1,57,1,7.25,clear sky,BR,2022-04-17 16:00:00
538,Luwuk,-0.9516,122.7875,77.83,81,99,2.57,overcast clouds,ID,2022-04-17 16:02:12
539,Mariehamn,60.0973,19.9348,40.86,75,75,8.05,broken clouds,AX,2022-04-17 16:02:12
540,Dudinka,69.4058,86.1778,7.0,94,100,12.97,overcast clouds,RU,2022-04-17 16:03:13
541,Kabanjahe,3.1001,98.4908,65.12,98,98,0.72,overcast clouds,ID,2022-04-17 16:03:13
542,Fairbanks,64.8378,-147.7164,11.61,85,5,4.34,clear sky,US,2022-04-17 16:00:04
543,Włocławek,52.6482,19.0678,49.98,46,54,8.63,broken clouds,PL,2022-04-17 16:03:14
544,Mae Sot,16.7167,98.5667,79.07,73,59,1.95,broken clouds,TH,2022-04-17 16:03:14
545,Antofagasta,-23.65,-70.4,67.32,65,19,9.06,few clouds,CL,2022-04-17 16:00:02
546,Oodweyne,9.4092,45.064,82.24,31,89,3.62,overcast clouds,SO,2022-04-17 16:03:15
547,Panjāb,34.388,67.0233,56.68,36,100,12.46,overcast clouds,AF,2022-04-17 16:03:15
548,Boma,7.0805,-2.1697,85.82,55,97,1.74,overcast clouds,GH,2022-04-17 16:03:15
549,Erdaojiang,41.7764,126.0319,47.73,52,94,1.68,overcast clouds,CN,2022-04-17 16:03:16
550,Vanimo,-2.6741,141.3028,78.89,87,90,2.73,overcast clouds,PG,2022-04-17 16:03:16
551,Sinjār,36.3209,41.8754,69.37,22,22,5.28,few clouds,IQ,2022-04-17 16:03:17
552,Mezen',65.8522,44.24,33.87,98,100,9.71,light snow,RU,2022-04-17 16:03:17
553,Xinzhi,36.4989,111.7047,56.17,42,92,2.8,overcast clouds,CN,2022-04-17 16:03:17
554,French Harbor,16.35,-86.4333,84.07,78,20,13.8,few clouds,HN,2022-04-17 16:03:18
555,Inta,66.0317,60.1659,25.29,88,100,8.03,overcast clouds,RU,2022-04-17 16:03:18
556,Taksimo,56.3444,114.8794,29.07,96,100,1.45,overcast clouds,RU,2022-04-17 16:03:19
557,Vestmanna,62.1564,-7.1664,47.32,100,100,10.36,overcast clouds,FO,2022-04-17 16:03:19
558,Fort Nelson,58.8053,-122.7002,11.98,84,100,7.31,overcast clouds,CA,2022-04-17 16:03:20
559,Hare Bay,48.8499,-54.0148,54.19,49,63,16.11,broken clouds,CA,2022-04-17 16:03:20
560,Flinders,-34.5833,150.8552,63.18,88,51,7.74,broken clouds,AU,2022-04-17 16:02:29
561,Ouésso,1.6136,16.0517,83.61,63,86,2.8,overcast clouds,CG,2022-04-17 16:03:21
562,Pāsighāt,28.0667,95.3333,67.15,94,100,3.89,overcast clouds,IN,2022-04-17 16:03:21
563,Santa Vitória do Palmar,-33.5189,-53.3681,71.44,52,89,9.24,overcast clouds,BR,2022-04-17 16:00:41
564,Hualmay,-11.0964,-77.6139,71.15,73,50,8.7,scattered clouds,PE,2022-04-17 16:03:21
565,Japura,-0.3167,102.35,75.24,97,63,1.74,broken clouds,ID,2022-04-17 16:03:22
566,Sinnamary,5.3833,-52.95,82.22,73,62,9.98,broken clouds,GF,2022-04-17 16:03:22
567,Egvekinot,66.3167,-179.1667,20.61,91,89,9.44,overcast clouds,RU,2022-04-17 16:03:23
568,Mangan,27.5167,88.5333,68.02,70,16,5.3,few clouds,IN,2022-04-17 16:01:06
569,Binzhou,37.3667,118.0167,58.24,34,100,5.1,overcast clouds,CN,2022-04-17 16:03:23
570,Kīhei,20.785,-156.4656,72.84,78,40,5.75,scattered clouds,US,2022-04-17 16:03:24
571,Kapoeta,4.7717,33.5903,88.39,39,95,8.14,overcast clouds,SS,2022-04-17 16:03:24
572,Bubaque,11.2833,-15.8333,77.29,66,45,17.56,scattered clouds,GW,2022-04-17 16:03:24
573,Popondetta,-8.7537,148.2534,74.28,92,84,3.0,broken clouds,PG,2022-04-17 16:03:25
574,Lālmohan,22.3384,90.7419,81.68,86,31,9.55,scattered clouds,BD,2022-04-17 16:03:25
575,Tambura,5.6,27.4667,85.66,41,89,3.87,overcast clouds,SS,2022-04-17 16:00:36
576,Thinadhoo,0.5333,72.9333,83.91,70,85,9.26,overcast clouds,MV,2022-04-17 16:03:26
577,Inírida,3.8653,-67.9239,87.51,60,64,1.81,broken clouds,CO,2022-04-17 16:03:26
578,Enid,36.3956,-97.8784,58.01,59,100,1.99,overcast clouds,US,2022-04-17 16:00:31
579,Xinqing,48.2333,129.5,28.69,74,5,2.89,clear sky,CN,2022-04-17 16:03:27
580,Constitución,-35.3333,-72.4167,62.02,64,79,4.54,broken clouds,CL,2022-04-17 16:01:44
581,Colina,-20.7133,-48.5408,80.28,44,0,1.39,clear sky,BR,2022-04-17 16:03:27
582,Promissão,-21.5367,-49.8581,77.81,45,0,6.82,clear sky,BR,2022-04-17 16:00:15
583,Tucuruí,-3.7661,-49.6725,85.95,73,78,1.39,broken clouds,BR,2022-04-17 16:03:28
584,Palmer,42.1584,-72.3287,44.65,57,60,5.99,broken clouds,US,2022-04-17 16:03:28
585,North Bend,43.4065,-124.2243,43.07,100,100,3.96,overcast clouds,US,2022-04-17 16:00:20
586,Monte Alegre,-2.0078,-54.0692,86.4,64,99,1.74,overcast clouds,BR,2022-04-17 16:03:28
587,Ulaanbaatar,47.9077,106.8832,28.53,64,0,4.47,clear sky,MN,2022-04-17 16:04:29
588,Batagay,67.6333,134.6333,3.25,98,34,5.21,scattered clouds,RU,2022-04-17 16:04:29
589,Vysokogornyy,50.1167,139.15,21.51,99,100,2.46,overcast clouds,RU,2022-04-17 16:04:30
590,Kedrovyy,56.1667,91.8167,59.41,91,100,5.48,overcast clouds,RU,2022-04-17 16:04:30
591,Rabo de Peixe,37.8,-25.5833,63.91,68,40,18.41,scattered clouds,PT,2022-04-17 16:04:30
592,Nhulunbuy,-12.2333,136.7667,77.61,100,100,4.61,moderate rain,AU,2022-04-17 16:04:31
593,Solhan,38.9634,41.0293,45.68,56,78,4.47,broken clouds,TR,2022-04-17 16:04:31
594,Linhares,-19.3911,-40.0722,81.63,52,94,11.05,overcast clouds,BR,2022-04-17 16:01:11
595,Kuching,1.55,110.3333,80.82,89,20,0.0,few clouds,MY,2022-04-17 16:04:32
596,Maragogi,-9.0122,-35.2225,84.83,69,64,9.08,broken clouds,BR,2022-04-17 16:04:32
597,Poso,-1.3959,120.7524,76.48,90,100,3.58,overcast clouds,ID,2022-04-17 16:04:32
598,Bukachacha,52.9833,116.9167,38.16,62,100,2.8,overcast clouds,RU,2022-04-17 16:04:33
599,San Antonio,29.4241,-98.4936,80.33,79,75,6.91,haze,US,2022-04-17 16:03:53
600,Otavalo,0.2333,-78.2667,64.62,73,81,4.03,light rain,EC,2022-04-17 16:04:33
601,Iqaluit,63.7506,-68.5145,-4.27,70,75,21.85,broken clouds,CA,2022-04-17 16:04:34
602,Njombe,-9.3333,34.7667,58.35,97,80,5.59,broken clouds,TZ,2022-04-17 16:04:34
603,Weilmünster,50.4333,8.3667,63.16,38,2,7.74,clear sky,DE,2022-04-17 16:04:35
604,Tromsø,69.6496,18.957,42.82,81,75,16.11,broken clouds,NO,2022-04-17 16:04:35
605,Grafton,42.207,-71.6856,47.91,55,100,17.27,overcast clouds,US,2022-04-17 16:04:35
606,Nishihara,26.1842,127.7558,65.48,59,0,5.75,clear sky,JP,2022-04-17 16:04:36
607,Altay,47.8667,88.1167,46.62,36,0,11.27,clear sky,CN,2022-04-17 16:04:36
608,Oktyabr'skiy,54.4815,53.471,43.63,83,100,4.38,light rain,RU,2022-04-17 16:04:37
609,Borogontsy,62.6683,131.1683,8.11,97,7,3.42,clear sky,RU,2022-04-17 16:04:37
610,Babu,24.4167,111.5167,54.54,97,100,5.14,overcast clouds,CN,2022-04-17 16:04:37
611,Leh,34.1667,77.5833,42.39,29,62,4.99,broken clouds,IN,2022-04-17 16:04:38
612,Shingū,33.7333,135.9833,57.4,91,91,7.63,overcast clouds,JP,2022-04-17 16:01:36
613,Korla,41.7597,86.1469,58.41,14,0,1.52,clear sky,CN,2022-04-17 16:04:38
614,Kuytun,54.3419,101.5036,48.99,76,90,8.34,overcast clouds,RU,2022-04-17 16:04:39
615,Ostrovnoy,68.0531,39.5131,34.34,97,100,22.12,light snow,RU,2022-04-17 16:04:39
616,Aleksandriya,45.0947,43.2456,58.57,61,49,8.19,scattered clouds,RU,2022-04-17 16:04:40
617,Vila Velha,-20.3297,-40.2925,82.35,61,0,16.11,clear sky,BR,2022-04-17 16:04:40
618,Iranshahr,27.2025,60.6848,91.02,13,53,16.04,broken clouds,IR,2022-04-17 16:04:40
619,Pallapatti,11.6593,78.1342,82.65,65,81,3.98,moderate rain,IN,2022-04-17 16:04:41
620,Bam,29.106,58.357,79.41,24,73,5.5,broken clouds,IR,2022-04-17 16:04:41
621,Rāwah,34.4816,41.9093,77.32,13,0,5.88,clear sky,IQ,2022-04-17 16:04:42
622,Makakilo City,21.3469,-158.0858,72.01,73,0,11.5,clear sky,US,2022-04-17 16:04:42
623,Quatre Cocos,-20.2078,57.7625,78.1,87,49,14.23,moderate rain,MU,2022-04-17 16:04:42
624,North Shore,-36.8,174.75,64.4,86,100,18.99,overcast clouds,NZ,2022-04-17 16:04:43
625,Dali,25.7,100.1833,58.75,62,8,5.46,clear sky,CN,2022-04-17 16:04:43
626,Zverinogolovskoye,54.4586,64.8542,45.27,50,4,7.27,clear sky,RU,2022-04-17 16:04:44
627,Chilca,-12.5211,-76.7372,68.0,80,95,7.85,overcast clouds,PE,2022-04-17 16:04:44
628,Richards Bay,-28.783,32.0377,64.54,93,100,2.04,light rain,ZA,2022-04-17 16:01:33
629,Pochutla,15.7432,-96.4661,91.81,45,48,5.41,scattered clouds,MX,2022-04-17 16:04:45
630,Monte Patria,-30.6919,-70.9467,74.88,35,0,5.17,clear sky,CL,2022-04-17 16:01:14
631,Ayamé,5.6083,-3.1563,79.45,80,100,4.74,overcast clouds,CI,2022-04-17 16:04:45
632,Port-Cartier,50.0334,-66.8654,40.75,82,88,3.29,overcast clouds,CA,2022-04-17 16:04:23
633,Gbadolite,4.2833,21.0167,91.0,41,74,2.91,broken clouds,CD,2022-04-17 16:05:46
634,Walla Walla,46.0646,-118.343,45.86,60,0,10.0,clear sky,US,2022-04-17 16:05:46
635,Ranau,5.9538,116.6641,69.66,98,49,0.49,scattered clouds,MY,2022-04-17 16:05:47
636,Araouane,18.9048,-3.5265,90.91,10,0,13.33,clear sky,ML,2022-04-17 16:05:47
637,Killybegs,54.6333,-8.45,55.11,91,100,9.78,moderate rain,IE,2022-04-17 16:05:48
638,Denpasar,-8.65,115.2167,82.06,88,20,3.44,few clouds,ID,2022-04-17 16:05:48
639,Da Lat,11.9465,108.4419,59.74,98,57,2.44,broken clouds,VN,2022-04-17 16:05:49
640,Mayahi,13.9553,7.6712,98.31,8,82,11.77,broken clouds,NE,2022-04-17 16:05:49
641,Ugoofaaru,5.6667,73.0,84.69,73,100,10.65,overcast clouds,MV,2022-04-17 16:05:49
642,Laas,46.6166,10.7002,60.69,60,66,6.33,broken clouds,IT,2022-04-17 16:05:50
643,Marsh Harbour,26.5412,-77.0636,77.23,72,76,11.79,broken clouds,BS,2022-04-17 16:05:34
644,Brownsville,25.9018,-97.4975,82.4,72,100,17.27,overcast clouds,US,2022-04-17 16:05:50
645,Road Town,18.4167,-64.6167,84.24,61,20,13.8,few clouds,VG,2022-04-17 16:05:51
646,Luorong,24.4058,109.6086,55.09,92,100,6.71,overcast clouds,CN,2022-04-17 16:05:51
647,Celestún,20.8667,-90.4,86.49,53,0,6.53,clear sky,MX,2022-04-17 16:05:52
648,Douglas,41.3,-96.167,40.93,58,100,9.22,overcast clouds,US,2022-04-17 16:05:52
649,Port Blair,11.6667,92.75,82.89,69,39,2.86,scattered clouds,IN,2022-04-17 16:05:53
650,Chernyshevskiy,63.0128,112.4714,35.74,99,100,8.81,overcast clouds,RU,2022-04-17 16:05:53
651,Iasmos,41.1333,25.1833,47.37,89,100,14.41,light rain,GR,2022-04-17 16:05:53
652,Aleppo Governorate,36.25,37.5,71.96,22,78,12.57,broken clouds,SY,2022-04-17 16:05:54
653,Pak Phanang,8.3511,100.202,83.07,79,31,4.81,scattered clouds,TH,2022-04-17 16:05:54
654,Mehamn,71.0357,27.8492,39.15,93,100,12.66,mist,NO,2022-04-17 16:05:55
655,Agadir,30.4202,-9.5982,93.65,26,100,15.48,overcast clouds,MA,2022-04-17 16:05:55
656,Belaya Gora,68.5333,146.4167,-1.68,100,95,3.29,overcast clouds,RU,2022-04-17 16:05:55
657,Mogadishu,2.0371,45.3438,83.35,77,51,13.71,broken clouds,SO,2022-04-17 16:05:56
658,Luba,3.4568,8.5547,83.7,75,82,6.8,light rain,GQ,2022-04-17 16:05:56
659,Juruti,-2.1522,-56.0922,85.93,65,100,3.15,heavy intensity rain,BR,2022-04-17 16:05:56
660,Holme,56.1138,10.1725,56.77,53,3,7.14,clear sky,DK,2022-04-17 16:05:57
661,Villazón,-22.0866,-65.5942,50.38,31,1,3.53,clear sky,BO,2022-04-17 16:05:57
662,Puerto del Rosario,28.5004,-13.8627,78.55,50,40,13.8,scattered clouds,ES,2022-04-17 16:05:58
663,Paamiut,61.994,-49.6678,29.37,77,100,5.64,overcast clouds,GL,2022-04-17 16:05:58
664,Luís Correia,-2.8792,-41.6669,86.0,84,75,9.22,broken clouds,BR,2022-04-17 16:05:59
665,Bull Savanna,17.8868,-77.5902,81.34,63,2,10.8,clear sky,JM,2022-04-17 16:05:59
666,Mossamedes,-15.1961,12.1522,76.35,74,61,9.98,broken clouds,AO,2022-04-17 16:06:00
667,Aksarka,66.5606,67.7975,12.67,89,43,8.12,scattered clouds,RU,2022-04-17 16:06:00
668,Goderich,43.7501,-81.7165,36.91,58,78,13.98,broken clouds,CA,2022-04-17 16:01:37
669,Lake Cowichan,48.825,-124.0546,43.29,80,28,2.33,scattered clouds,CA,2022-04-17 16:06:01
670,Jacareacanga,-6.2222,-57.7528,83.73,79,91,1.83,overcast clouds,BR,2022-04-17 16:06:01
671,Olafsvik,64.8945,-23.7142,42.15,74,100,10.36,overcast clouds,IS,2022-04-17 16:06:01
672,Namatanai,-3.6667,152.4333,80.8,78,99,7.9,overcast clouds,PG,2022-04-17 16:06:02
673,Beyneu,45.3167,55.2,68.05,26,92,5.66,overcast clouds,KZ,2022-04-17 16:06:02
674,Kristinestad,62.2743,21.376,38.66,90,47,5.14,scattered clouds,FI,2022-04-17 16:06:03
675,São João da Barra,-21.6403,-41.0511,78.89,59,5,11.99,clear sky,BR,2022-04-17 16:06:03
676,Samdrup Jongkhar District,26.9167,91.6167,65.7,73,56,3.47,broken clouds,BT,2022-04-17 16:07:04
